0000,WM_NULL
0001,WM_CREATE
0002,WM_DESTROY
0003,WM_MOVE
0005,WM_SIZE
0006,WM_ACTIVATE
0007,WM_SETFOCUS
0008,WM_KILLFOCUS
000a,WM_ENABLE
000b,WM_SETREDRAW
000c,WM_SETTEXT
000d,WM_GETTEXT
000e,WM_GETTEXTLENGTH
000f,WM_PAINT
0010,WM_CLOSE
0011,WM_QUERYENDSESSION
0012,WM_QUIT
0013,WM_QUERYOPEN
0014,WM_ERASEBKGND
0015,WM_SYSCOLORCHANGE
0016,WM_ENDSESSION
0018,WM_SHOWWINDOW
0019,WM_CTLCOLOR
001a,WM_WININICHANGE
001b,WM_DEVMODECHANGE
001c,WM_ACTIVATEAPP
001d,WM_FONTCHANGE
001e,WM_TIMECHANGE
001f,WM_CANCELMODE
0020,WM_SETCURSOR
0021,WM_MOUSEACTIVATE
0022,WM_CHILDACTIVATE
0023,WM_QUEUESYNC
0024,WM_GETMINMAXINFO
0026,WM_PAINTICON
0027,WM_ICONERASEBKGND
0028,WM_NEXTDLGCTL
002a,WM_SPOOLERSTATUS
002b,WM_DRAWITEM
002c,WM_MEASUREITEM
002d,WM_DELETEITEM
002e,WM_VKEYTOITEM
002f,WM_CHARTOITEM
0030,WM_SETFONT
0031,WM_GETFONT
0032,WM_SETHOTKEY
0033,WM_GETHOTKEY
0037,WM_QUERYDRAGICON
0039,WM_COMPAREITEM
003d,WM_GETOBJECT
0041,WM_COMPACTING
0044,WM_COMMNOTIFY
0046,WM_WINDOWPOSCHANGING
0047,WM_WINDOWPOSCHANGED
0048,WM_POWER
0049,WM_COPYGLOBALDATA
004a,WM_COPYDATA
004b,WM_CANCELJOURNAL
004e,WM_NOTIFY
0050,WM_INPUTLANGCHANGEREQUEST
0051,WM_INPUTLANGCHANGE
0052,WM_TCARD
0053,WM_HELP
0054,WM_USERCHANGED
0055,WM_NOTIFYFORMAT
007b,WM_CONTEXTMENU
007c,WM_STYLECHANGING
007d,WM_STYLECHANGED
007e,WM_DISPLAYCHANGE
007f,WM_GETICON
0080,WM_SETICON
0081,WM_NCCREATE
0082,WM_NCDESTROY
0083,WM_NCCALCSIZE
0084,WM_NCHITTEST
0085,WM_NCPAINT
0086,WM_NCACTIVATE
0087,WM_GETDLGCODE
0088,WM_SYNCPAINT
00a0,WM_NCMOUSEMOVE
00a1,WM_NCLBUTTONDOWN
00a2,WM_NCLBUTTONUP
00a3,WM_NCLBUTTONDBLCLK
00a4,WM_NCRBUTTONDOWN
00a5,WM_NCRBUTTONUP
00a6,WM_NCRBUTTONDBLCLK
00a7,WM_NCMBUTTONDOWN
00a8,WM_NCMBUTTONUP
00a9,WM_NCMBUTTONDBLCLK
00ab,WM_NCXBUTTONDOWN
00ac,WM_NCXBUTTONUP
00ad,WM_NCXBUTTONDBLCLK
00b0,EM_GETSEL
00b1,EM_SETSEL
00b2,EM_GETRECT
00b3,EM_SETRECT
00b4,EM_SETRECTNP
00b5,EM_SCROLL
00b6,EM_LINESCROLL
00b7,EM_SCROLLCARET
00b8,EM_GETMODIFY
00b9,EM_SETMODIFY
00ba,EM_GETLINECOUNT
00bb,EM_LINEINDEX
00bc,EM_SETHANDLE
00bd,EM_GETHANDLE
00be,EM_GETTHUMB
00c1,EM_LINELENGTH
00c2,EM_REPLACESEL
00c3,EM_SETFONT
00c4,EM_GETLINE
00c5,EM_LIMITTEXT
00c5,EM_SETLIMITTEXT
00c6,EM_CANUNDO
00c7,EM_UNDO
00c8,EM_FMTLINES
00c9,EM_LINEFROMCHAR
00ca,EM_SETWORDBREAK
00cb,EM_SETTABSTOPS
00cc,EM_SETPASSWORDCHAR
00cd,EM_EMPTYUNDOBUFFER
00ce,EM_GETFIRSTVISIBLELINE
00cf,EM_SETREADONLY
00d0,EM_SETWORDBREAKPROC
00d1,EM_GETWORDBREAKPROC
00d2,EM_GETPASSWORDCHAR
00d3,EM_SETMARGINS
00d4,EM_GETMARGINS
00d5,EM_GETLIMITTEXT
00d6,EM_POSFROMCHAR
00d7,EM_CHARFROMPOS
00d8,EM_SETIMESTATUS
00d9,EM_GETIMESTATUS
00e0,SBM_SETPOS
00e1,SBM_GETPOS
00e2,SBM_SETRANGE
00e3,SBM_GETRANGE
00e4,SBM_ENABLE_ARROWS
00e6,SBM_SETRANGEREDRAW
00e9,SBM_SETSCROLLINFO
00ea,SBM_GETSCROLLINFO
00eb,SBM_GETSCROLLBARINFO
00f0,BM_GETCHECK
00f1,BM_SETCHECK
00f2,BM_GETSTATE
00f3,BM_SETSTATE
00f4,BM_SETSTYLE
00f5,BM_CLICK
00f6,BM_GETIMAGE
00f7,BM_SETIMAGE
00f8,BM_SETDONTCLICK
00ff,WM_INPUT
0100,WM_KEYDOWN
0100,WM_KEYFIRST
0101,WM_KEYUP
0102,WM_CHAR
0103,WM_DEADCHAR
0104,WM_SYSKEYDOWN
0105,WM_SYSKEYUP
0106,WM_SYSCHAR
0107,WM_SYSDEADCHAR
0109,WM_UNICHAR / WM_KEYLAST
0109,WM_WNT_CONVERTREQUESTEX
010a,WM_CONVERTREQUEST
010b,WM_CONVERTRESULT
010c,WM_INTERIM
010d,WM_IME_STARTCOMPOSITION
010e,WM_IME_ENDCOMPOSITION
010f,WM_IME_COMPOSITION
010f,WM_IME_KEYLAST
0110,WM_INITDIALOG
0111,WM_COMMAND
0112,WM_SYSCOMMAND
0113,WM_TIMER
0114,WM_HSCROLL
0115,WM_VSCROLL
0116,WM_INITMENU
0117,WM_INITMENUPOPUP
0118,WM_SYSTIMER
011f,WM_MENUSELECT
0120,WM_MENUCHAR
0121,WM_ENTERIDLE
0122,WM_MENURBUTTONUP
0123,WM_MENUDRAG
0124,WM_MENUGETOBJECT
0125,WM_UNINITMENUPOPUP
0126,WM_MENUCOMMAND
0127,WM_CHANGEUISTATE
0128,WM_UPDATEUISTATE
0129,WM_QUERYUISTATE
0132,WM_CTLCOLORMSGBOX
0133,WM_CTLCOLOREDIT
0134,WM_CTLCOLORLISTBOX
0135,WM_CTLCOLORBTN
0136,WM_CTLCOLORDLG
0137,WM_CTLCOLORSCROLLBAR
0138,WM_CTLCOLORSTATIC
0200,WM_MOUSEFIRST
0200,WM_MOUSEMOVE
0201,WM_LBUTTONDOWN
0202,WM_LBUTTONUP
0203,WM_LBUTTONDBLCLK
0204,WM_RBUTTONDOWN
0205,WM_RBUTTONUP
0206,WM_RBUTTONDBLCLK
0207,WM_MBUTTONDOWN
0208,WM_MBUTTONUP
0209,WM_MBUTTONDBLCLK
0209,WM_MOUSELAST
020a,WM_MOUSEWHEEL
020b,WM_XBUTTONDOWN
020c,WM_XBUTTONUP
020d,WM_XBUTTONDBLCLK
020e,WM_MOUSEHWHEEL
0210,WM_PARENTNOTIFY
0211,WM_ENTERMENULOOP
0212,WM_EXITMENULOOP
0213,WM_NEXTMENU
0214,WM_SIZING
0215,WM_CAPTURECHANGED
0216,WM_MOVING
0218,WM_POWERBROADCAST
0219,WM_DEVICECHANGE
0220,WM_MDICREATE
0221,WM_MDIDESTROY
0222,WM_MDIACTIVATE
0223,WM_MDIRESTORE
0224,WM_MDINEXT
0225,WM_MDIMAXIMIZE
0226,WM_MDITILE
0227,WM_MDICASCADE
0228,WM_MDIICONARRANGE
0229,WM_MDIGETACTIVE
0230,WM_MDISETMENU
0231,WM_ENTERSIZEMOVE
0232,WM_EXITSIZEMOVE
0233,WM_DROPFILES
0234,WM_MDIREFRESHMENU
0280,WM_IME_REPORT
0281,WM_IME_SETCONTEXT
0282,WM_IME_NOTIFY
0283,WM_IME_CONTROL
0284,WM_IME_COMPOSITIONFULL
0285,WM_IME_SELECT
0286,WM_IME_CHAR
0288,WM_IME_REQUEST
0290,WM_IMEKEYDOWN
0290,WM_IME_KEYDOWN
0291,WM_IMEKEYUP
0291,WM_IME_KEYUP
02a0,WM_NCMOUSEHOVER
02a1,WM_MOUSEHOVER
02a2,WM_NCMOUSELEAVE
02a3,WM_MOUSELEAVE
0300,WM_CUT
0301,WM_COPY
0302,WM_PASTE
0303,WM_CLEAR
0304,WM_UNDO
0305,WM_RENDERFORMAT
0306,WM_RENDERALLFORMATS
0307,WM_DESTROYCLIPBOARD
0308,WM_DRAWCLIPBOARD
0309,WM_PAINTCLIPBOARD
030a,WM_VSCROLLCLIPBOARD
030b,WM_SIZECLIPBOARD
030c,WM_ASKCBFORMATNAME
030d,WM_CHANGECBCHAIN
030e,WM_HSCROLLCLIPBOARD
030f,WM_QUERYNEWPALETTE
0310,WM_PALETTEISCHANGING
0311,WM_PALETTECHANGED
0312,WM_HOTKEY
0317,WM_PRINT
0318,WM_PRINTCLIENT
0319,WM_APPCOMMAND
0358,WM_HANDHELDFIRST
035f,WM_HANDHELDLAST
0360,WM_AFXFIRST
037f,WM_AFXLAST
0380,WM_PENWINFIRST
0381,WM_RCRESULT
0382,WM_HOOKRCRESULT
0383,WM_GLOBALRCCHANGE
0383,WM_PENMISCINFO
0384,WM_SKB
0385,WM_HEDITCTL
0385,WM_PENCTL
0386,WM_PENMISC
0387,WM_CTLINIT
0388,WM_PENEVENT
038f,WM_PENWINLAST
0400,DDM_SETFMT
0400,DM_GETDEFID
0400,NIN_SELECT
0400,TBM_GETPOS
0400,WM_PSD_PAGESETUPDLG
0400,WM_USER
0401,CBEM_INSERTITEMA
0401,DDM_DRAW
0401,DM_SETDEFID
0401,HKM_SETHOTKEY
0401,PBM_SETRANGE
0401,RB_INSERTBANDA
0401,SB_SETTEXTA
0401,TB_ENABLEBUTTON
0401,TBM_GETRANGEMIN
0401,TTM_ACTIVATE
0401,WM_CHOOSEFONT_GETLOGFONT
0401,WM_PSD_FULLPAGERECT
0402,CBEM_SETIMAGELIST
0402,DDM_CLOSE
0402,DM_REPOSITION
0402,HKM_GETHOTKEY
0402,PBM_SETPOS
0402,RB_DELETEBAND
0402,SB_GETTEXTA
0402,TB_CHECKBUTTON
0402,TBM_GETRANGEMAX
0402,WM_PSD_MINMARGINRECT
0403,CBEM_GETIMAGELIST
0403,DDM_BEGIN
0403,HKM_SETRULES
0403,PBM_DELTAPOS
0403,RB_GETBARINFO
0403,SB_GETTEXTLENGTHA
0403,TBM_GETTIC
0403,TB_PRESSBUTTON
0403,TTM_SETDELAYTIME
0403,WM_PSD_MARGINRECT
0404,CBEM_GETITEMA
0404,DDM_END
0404,PBM_SETSTEP
0404,RB_SETBARINFO
0404,SB_SETPARTS
0404,TB_HIDEBUTTON
0404,TBM_SETTIC
0404,TTM_ADDTOOLA
0404,WM_PSD_GREEKTEXTRECT
0405,CBEM_SETITEMA
0405,PBM_STEPIT
0405,TB_INDETERMINATE
0405,TBM_SETPOS
0405,TTM_DELTOOLA
0405,WM_PSD_ENVSTAMPRECT
0406,CBEM_GETCOMBOCONTROL
0406,PBM_SETRANGE32
0406,RB_SETBANDINFOA
0406,SB_GETPARTS
0406,TB_MARKBUTTON
0406,TBM_SETRANGE
0406,TTM_NEWTOOLRECTA
0406,WM_PSD_YAFULLPAGERECT
0407,CBEM_GETEDITCONTROL
0407,PBM_GETRANGE
0407,RB_SETPARENT
0407,SB_GETBORDERS
0407,TBM_SETRANGEMIN
0407,TTM_RELAYEVENT
0408,CBEM_SETEXSTYLE
0408,PBM_GETPOS
0408,RB_HITTEST
0408,SB_SETMINHEIGHT
0408,TBM_SETRANGEMAX
0408,TTM_GETTOOLINFOA
0409,CBEM_GETEXSTYLE
0409,CBEM_GETEXTENDEDSTYLE
0409,PBM_SETBARCOLOR
0409,RB_GETRECT
0409,SB_SIMPLE
0409,TB_ISBUTTONENABLED
0409,TBM_CLEARTICS
0409,TTM_SETTOOLINFOA
040a,CBEM_HASEDITCHANGED
040a,RB_INSERTBANDW
040a,SB_GETRECT
040a,TB_ISBUTTONCHECKED
040a,TBM_SETSEL
040a,TTM_HITTESTA
040a,WIZ_QUERYNUMPAGES
040b,CBEM_INSERTITEMW
040b,RB_SETBANDINFOW
040b,SB_SETTEXTW
040b,TB_ISBUTTONPRESSED
040b,TBM_SETSELSTART
040b,TTM_GETTEXTA
040b,WIZ_NEXT
040c,CBEM_SETITEMW
040c,RB_GETBANDCOUNT
040c,SB_GETTEXTLENGTHW
040c,TB_ISBUTTONHIDDEN
040c,TBM_SETSELEND
040c,TTM_UPDATETIPTEXTA
040c,WIZ_PREV
040d,CBEM_GETITEMW
040d,RB_GETROWCOUNT
040d,SB_GETTEXTW
040d,TB_ISBUTTONINDETERMINATE
040d,TTM_GETTOOLCOUNT
040e,CBEM_SETEXTENDEDSTYLE
040e,RB_GETROWHEIGHT
040e,SB_ISSIMPLE
040e,TB_ISBUTTONHIGHLIGHTED
040e,TBM_GETPTICS
040e,TTM_ENUMTOOLSA
040f,SB_SETICON
040f,TBM_GETTICPOS
040f,TTM_GETCURRENTTOOLA
0410,RB_IDTOINDEX
0410,SB_SETTIPTEXTA
0410,TBM_GETNUMTICS
0410,TTM_WINDOWFROMPOINT
0411,RB_GETTOOLTIPS
0411,SB_SETTIPTEXTW
0411,TBM_GETSELSTART
0411,TB_SETSTATE
0411,TTM_TRACKACTIVATE
0412,RB_SETTOOLTIPS
0412,SB_GETTIPTEXTA
0412,TB_GETSTATE
0412,TBM_GETSELEND
0412,TTM_TRACKPOSITION
0413,RB_SETBKCOLOR
0413,SB_GETTIPTEXTW
0413,TB_ADDBITMAP
0413,TBM_CLEARSEL
0413,TTM_SETTIPBKCOLOR
0414,RB_GETBKCOLOR
0414,SB_GETICON
0414,TB_ADDBUTTONSA
0414,TBM_SETTICFREQ
0414,TTM_SETTIPTEXTCOLOR
0415,RB_SETTEXTCOLOR
0415,TB_INSERTBUTTONA
0415,TBM_SETPAGESIZE
0415,TTM_GETDELAYTIME
0416,RB_GETTEXTCOLOR
0416,TB_DELETEBUTTON
0416,TBM_GETPAGESIZE
0416,TTM_GETTIPBKCOLOR
0417,RB_SIZETORECT
0417,TB_GETBUTTON
0417,TBM_SETLINESIZE
0417,TTM_GETTIPTEXTCOLOR
0418,RB_BEGINDRAG
0418,TB_BUTTONCOUNT
0418,TBM_GETLINESIZE
0418,TTM_SETMAXTIPWIDTH
0419,RB_ENDDRAG
0419,TB_COMMANDTOINDEX
0419,TBM_GETTHUMBRECT
0419,TTM_GETMAXTIPWIDTH
041a,RB_DRAGMOVE
041a,TBM_GETCHANNELRECT
041a,TB_SAVERESTOREA
041a,TTM_SETMARGIN
041b,RB_GETBARHEIGHT
041b,TB_CUSTOMIZE
041b,TBM_SETTHUMBLENGTH
041b,TTM_GETMARGIN
041c,RB_GETBANDINFOW
041c,TB_ADDSTRINGA
041c,TBM_GETTHUMBLENGTH
041c,TTM_POP
041d,RB_GETBANDINFOA
041d,TB_GETITEMRECT
041d,TBM_SETTOOLTIPS
041d,TTM_UPDATE
041e,RB_MINIMIZEBAND
041e,TB_BUTTONSTRUCTSIZE
041e,TBM_GETTOOLTIPS
041e,TTM_GETBUBBLESIZE
041f,RB_MAXIMIZEBAND
041f,TBM_SETTIPSIDE
041f,TB_SETBUTTONSIZE
041f,TTM_ADJUSTRECT
0420,TBM_SETBUDDY
0420,TB_SETBITMAPSIZE
0420,TTM_SETTITLEA
0421,MSG_FTS_JUMP_VA
0421,TB_AUTOSIZE
0421,TBM_GETBUDDY
0421,TTM_SETTITLEW
0422,RB_GETBANDBORDERS
0423,MSG_FTS_JUMP_QWORD
0423,RB_SHOWBAND
0423,TB_GETTOOLTIPS
0424,MSG_REINDEX_REQUEST
0424,TB_SETTOOLTIPS
0425,MSG_FTS_WHERE_IS_IT
0425,RB_SETPALETTE
0425,TB_SETPARENT
0426,RB_GETPALETTE
0427,RB_MOVEBAND
0427,TB_SETROWS
0428,TB_GETROWS
0429,TB_GETBITMAPFLAGS
042a,TB_SETCMDID
042b,RB_PUSHCHEVRON
042b,TB_CHANGEBITMAP
042c,TB_GETBITMAP
042d,MSG_GET_DEFFONT
042d,TB_GETBUTTONTEXTA
042e,TB_REPLACEBITMAP
042f,TB_SETINDENT
0430,TB_SETIMAGELIST
0431,TB_GETIMAGELIST
0432,TB_LOADIMAGES
0432,EM_CANPASTE
0432,TTM_ADDTOOLW
0433,EM_DISPLAYBAND
0433,TB_GETRECT
0433,TTM_DELTOOLW
0434,EM_EXGETSEL
0434,TB_SETHOTIMAGELIST
0434,TTM_NEWTOOLRECTW
0435,EM_EXLIMITTEXT
0435,TB_GETHOTIMAGELIST
0435,TTM_GETTOOLINFOW
0436,EM_EXLINEFROMCHAR
0436,TB_SETDISABLEDIMAGELIST
0436,TTM_SETTOOLINFOW
0437,EM_EXSETSEL
0437,TB_GETDISABLEDIMAGELIST
0437,TTM_HITTESTW
0438,EM_FINDTEXT
0438,TB_SETSTYLE
0438,TTM_GETTEXTW
0439,EM_FORMATRANGE
0439,TB_GETSTYLE
0439,TTM_UPDATETIPTEXTW
043a,EM_GETCHARFORMAT
043a,TB_GETBUTTONSIZE
043a,TTM_ENUMTOOLSW
043b,EM_GETEVENTMASK
043b,TB_SETBUTTONWIDTH
043b,TTM_GETCURRENTTOOLW
043c,EM_GETOLEINTERFACE
043c,TB_SETMAXTEXTROWS
043d,EM_GETPARAFORMAT
043d,TB_GETTEXTROWS
043e,EM_GETSELTEXT
043e,TB_GETOBJECT
043f,EM_HIDESELECTION
043f,TB_GETBUTTONINFOW
0440,EM_PASTESPECIAL
0440,TB_SETBUTTONINFOW
0441,EM_REQUESTRESIZE
0441,TB_GETBUTTONINFOA
0442,EM_SELECTIONTYPE
0442,TB_SETBUTTONINFOA
0443,EM_SETBKGNDCOLOR
0443,TB_INSERTBUTTONW
0444,EM_SETCHARFORMAT
0444,TB_ADDBUTTONSW
0445,EM_SETEVENTMASK
0445,TB_HITTEST
0446,EM_SETOLECALLBACK
0446,TB_SETDRAWTEXTFLAGS
0447,EM_SETPARAFORMAT
0447,TB_GETHOTITEM
0448,EM_SETTARGETDEVICE
0448,TB_SETHOTITEM
0449,EM_STREAMIN
0449,TB_SETANCHORHIGHLIGHT
044a,EM_STREAMOUT
044a,TB_GETANCHORHIGHLIGHT
044b,EM_GETTEXTRANGE
044b,TB_GETBUTTONTEXTW
044c,EM_FINDWORDBREAK
044c,TB_SAVERESTOREW
044d,EM_SETOPTIONS
044d,TB_ADDSTRINGW
044e,EM_GETOPTIONS
044e,TB_MAPACCELERATORA
044f,EM_FINDTEXTEX
044f,TB_GETINSERTMARK
0450,EM_GETWORDBREAKPROCEX
0450,TB_SETINSERTMARK
0451,EM_SETWORDBREAKPROCEX
0451,TB_INSERTMARKHITTEST
0452,EM_SETUNDOLIMIT
0452,TB_MOVEBUTTON
0453,TB_GETMAXSIZE
0454,EM_REDO
0454,TB_SETEXTENDEDSTYLE
0455,EM_CANREDO
0455,TB_GETEXTENDEDSTYLE
0456,EM_GETUNDONAME
0456,TB_GETPADDING
0457,EM_GETREDONAME
0457,TB_SETPADDING
0458,EM_STOPGROUPTYPING
0458,TB_SETINSERTMARKCOLOR
0459,EM_SETTEXTMODE
0459,TB_GETINSERTMARKCOLOR
045a,EM_GETTEXTMODE
045a,TB_MAPACCELERATORW
045b,EM_AUTOURLDETECT
045b,TB_GETSTRINGW
045c,EM_GETAUTOURLDETECT
045c,TB_GETSTRINGA
045d,EM_SETPALETTE
045e,EM_GETTEXTEX
045f,EM_GETTEXTLENGTHEX
0460,EM_SHOWSCROLLBAR
0461,EM_SETTEXTEX
0463,TAPI_REPLY
0464,ACM_OPENA
0464,BFFM_SETSTATUSTEXTA
0464,CDM_FIRST
0464,CDM_GETSPEC
0464,EM_SETPUNCTUATION
0464,IPM_CLEARADDRESS
0464,WM_CAP_UNICODE_START
0465,ACM_PLAY
0465,BFFM_ENABLEOK
0465,CDM_GETFILEPATH
0465,EM_GETPUNCTUATION
0465,IPM_SETADDRESS
0465,PSM_SETCURSEL
0465,UDM_SETRANGE
0465,WM_CHOOSEFONT_SETLOGFONT
0466,ACM_STOP
0466,BFFM_SETSELECTIONA
0466,CDM_GETFOLDERPATH
0466,EM_SETWORDWRAPMODE
0466,IPM_GETADDRESS
0466,PSM_REMOVEPAGE
0466,UDM_GETRANGE
0466,WM_CAP_SET_CALLBACK_ERRORW
0466,WM_CHOOSEFONT_SETFLAGS
0467,ACM_OPENW
0467,BFFM_SETSELECTIONW
0467,CDM_GETFOLDERIDLIST
0467,EM_GETWORDWRAPMODE
0467,IPM_SETRANGE
0467,PSM_ADDPAGE
0467,UDM_SETPOS
0467,WM_CAP_SET_CALLBACK_STATUSW
0468,BFFM_SETSTATUSTEXTW
0468,CDM_SETCONTROLTEXT
0468,EM_SETIMECOLOR
0468,IPM_SETFOCUS
0468,PSM_CHANGED
0468,UDM_GETPOS
0469,CDM_HIDECONTROL
0469,EM_GETIMECOLOR
0469,IPM_ISBLANK
0469,PSM_RESTARTWINDOWS
0469,UDM_SETBUDDY
046a,CDM_SETDEFEXT
046a,EM_SETIMEOPTIONS
046a,PSM_REBOOTSYSTEM
046a,UDM_GETBUDDY
046b,EM_GETIMEOPTIONS
046b,PSM_CANCELTOCLOSE
046b,UDM_SETACCEL
046c,EM_CONVPOSITION
046c,EM_CONVPOSITION
046c,PSM_QUERYSIBLINGS
046c,UDM_GETACCEL
046d,MCIWNDM_GETZOOM
046d,PSM_UNCHANGED
046d,UDM_SETBASE
046e,PSM_APPLY
046e,UDM_GETBASE
046f,PSM_SETTITLEA
046f,UDM_SETRANGE32
0470,PSM_SETWIZBUTTONS
0470,UDM_GETRANGE32
0470,WM_CAP_DRIVER_GET_NAMEW
0471,PSM_PRESSBUTTON
0471,UDM_SETPOS32
0471,WM_CAP_DRIVER_GET_VERSIONW
0472,PSM_SETCURSELID
0472,UDM_GETPOS32
0473,PSM_SETFINISHTEXTA
0474,PSM_GETTABCONTROL
0475,PSM_ISDIALOGMESSAGE
0476,MCIWNDM_REALIZE
0476,PSM_GETCURRENTPAGEHWND
0477,MCIWNDM_SETTIMEFORMATA
0477,PSM_INSERTPAGE
0478,EM_SETLANGOPTIONS
0478,MCIWNDM_GETTIMEFORMATA
0478,PSM_SETTITLEW
0478,WM_CAP_FILE_SET_CAPTURE_FILEW
0479,EM_GETLANGOPTIONS
0479,MCIWNDM_VALIDATEMEDIA
0479,PSM_SETFINISHTEXTW
0479,WM_CAP_FILE_GET_CAPTURE_FILEW
047a,EM_GETIMECOMPMODE
047b,EM_FINDTEXTW
047b,MCIWNDM_PLAYTO
047b,WM_CAP_FILE_SAVEASW
047c,EM_FINDTEXTEXW
047c,MCIWNDM_GETFILENAMEA
047d,EM_RECONVERSION
047d,MCIWNDM_GETDEVICEA
047d,PSM_SETHEADERTITLEA
047d,WM_CAP_FILE_SAVEDIBW
047e,EM_SETIMEMODEBIAS
047e,MCIWNDM_GETPALETTE
047e,PSM_SETHEADERTITLEW
047f,EM_GETIMEMODEBIAS
047f,MCIWNDM_SETPALETTE
047f,PSM_SETHEADERSUBTITLEA
0480,MCIWNDM_GETERRORA
0480,PSM_SETHEADERSUBTITLEW
0481,PSM_HWNDTOINDEX
0482,PSM_INDEXTOHWND
0483,MCIWNDM_SETINACTIVETIMER
0483,PSM_PAGETOINDEX
0484,PSM_INDEXTOPAGE
0485,DL_BEGINDRAG
0485,MCIWNDM_GETINACTIVETIMER
0485,PSM_IDTOINDEX
0486,DL_DRAGGING
0486,PSM_INDEXTOID
0487,DL_DROPPED
0487,PSM_GETRESULT
0488,DL_CANCELDRAG
0488,PSM_RECALCPAGESIZES
048c,MCIWNDM_GET_SOURCE
048d,MCIWNDM_PUT_SOURCE
048e,MCIWNDM_GET_DEST
048f,MCIWNDM_PUT_DEST
0490,MCIWNDM_CAN_PLAY
0491,MCIWNDM_CAN_WINDOW
0492,MCIWNDM_CAN_RECORD
0493,MCIWNDM_CAN_SAVE
0494,MCIWNDM_CAN_EJECT
0495,MCIWNDM_CAN_CONFIG
0496,IE_GETINK
0496,IE_MSGFIRST
0496,MCIWNDM_PALETTEKICK
0497,IE_SETINK
0498,IE_GETPENTIP
0499,IE_SETPENTIP
049a,IE_GETERASERTIP
049b,IE_SETERASERTIP
049c,IE_GETBKGND
049d,IE_SETBKGND
049e,IE_GETGRIDORIGIN
049f,IE_SETGRIDORIGIN
04a0,IE_GETGRIDPEN
04a1,IE_SETGRIDPEN
04a2,IE_GETGRIDSIZE
04a3,IE_SETGRIDSIZE
04a4,IE_GETMODE
04a5,IE_SETMODE
04a6,IE_GETINKRECT
04a6,WM_CAP_SET_MCI_DEVICEW
04a7,WM_CAP_GET_MCI_DEVICEW
04b4,WM_CAP_PAL_OPENW
04b5,WM_CAP_PAL_SAVEW
04b8,IE_GETAPPDATA
04b9,IE_SETAPPDATA
04ba,IE_GETDRAWOPTS
04bb,IE_SETDRAWOPTS
04bc,IE_GETFORMAT
04bd,IE_SETFORMAT
04be,IE_GETINKINPUT
04bf,IE_SETINKINPUT
04c0,IE_GETNOTIFY
04c1,IE_SETNOTIFY
04c2,IE_GETRECOG
04c3,IE_SETRECOG
04c4,IE_GETSECURITY
04c5,IE_SETSECURITY
04c6,IE_GETSEL
04c7,IE_SETSEL
04c8,CDM_LAST
04c8,EM_SETBIDIOPTIONS
04c8,IE_DOCOMMAND
04c8,MCIWNDM_NOTIFYMODE
04c9,EM_GETBIDIOPTIONS
04c9,IE_GETCOMMAND
04ca,EM_SETTYPOGRAPHYOPTIONS
04ca,IE_GETCOUNT
04cb,EM_GETTYPOGRAPHYOPTIONS
04cb,IE_GETGESTURE
04cb,MCIWNDM_NOTIFYMEDIA
04cc,EM_SETEDITSTYLE
04cc,IE_GETMENU
04cd,EM_GETEDITSTYLE
04cd,IE_GETPAINTDC
04cd,MCIWNDM_NOTIFYERROR
04ce,IE_GETPDEVENT
04cf,IE_GETSELCOUNT
04d0,IE_GETSELITEMS
04d1,IE_GETSTYLE
04db,MCIWNDM_SETTIMEFORMATW
04dc,EM_OUTLINE
04dc,MCIWNDM_GETTIMEFORMATW
04dd,EM_GETSCROLLPOS
04de,EM_SETSCROLLPOS
04de,EM_SETSCROLLPOS
04df,EM_SETFONTSIZE
04e0,EM_GETZOOM
04e0,MCIWNDM_GETFILENAMEW
04e1,EM_SETZOOM
04e1,MCIWNDM_GETDEVICEW
04e2,EM_GETVIEWKIND
04e3,EM_SETVIEWKIND
04e4,EM_GETPAGE
04e4,MCIWNDM_GETERRORW
04e5,EM_SETPAGE
04e6,EM_GETHYPHENATEINFO
04e7,EM_SETHYPHENATEINFO
04eb,EM_GETPAGEROTATE
04ec,EM_SETPAGEROTATE
04ed,EM_GETCTFMODEBIAS
04ee,EM_SETCTFMODEBIAS
04f0,EM_GETCTFOPENSTATUS
04f1,EM_SETCTFOPENSTATUS
04f2,EM_GETIMECOMPTEXT
04f3,EM_ISIME
04f4,EM_GETIMEPROPERTY
050d,EM_GETQUERYRTFOBJ
050e,EM_SETQUERYRTFOBJ
0600,FM_GETFOCUS
0601,FM_GETDRIVEINFOA
0602,FM_GETSELCOUNT
0603,FM_GETSELCOUNTLFN
0604,FM_GETFILESELA
0605,FM_GETFILESELLFNA
0606,FM_REFRESH_WINDOWS
0607,FM_RELOAD_EXTENSIONS
0611,FM_GETDRIVEINFOW
0614,FM_GETFILESELW
0615,FM_GETFILESELLFNW
0659,WLX_WM_SAS
07e8,SM_GETSELCOUNT
07e8,UM_GETSELCOUNT
07e8,WM_CPL_LAUNCH
07e9,SM_GETSERVERSELA
07e9,UM_GETUSERSELA
07e9,WM_CPL_LAUNCHED
07ea,SM_GETSERVERSELW
07ea,UM_GETUSERSELW
07eb,SM_GETCURFOCUSA
07eb,UM_GETGROUPSELA
07ec,SM_GETCURFOCUSW
07ec,UM_GETGROUPSELW
07ed,SM_GETOPTIONS
07ed,UM_GETCURFOCUSA
07ee,UM_GETCURFOCUSW
07ef,UM_GETOPTIONS
07f0,UM_GETOPTIONS2
1000,LVM_FIRST
1000,LVM_GETBKCOLOR
1001,LVM_SETBKCOLOR
1002,LVM_GETIMAGELIST
1003,LVM_SETIMAGELIST
1004,LVM_GETITEMCOUNT
1005,LVM_GETITEMA
1006,LVM_SETITEMA
1007,LVM_INSERTITEMA
1008,LVM_DELETEITEM
1009,LVM_DELETEALLITEMS
100a,LVM_GETCALLBACKMASK
100b,LVM_SETCALLBACKMASK
100c,LVM_GETNEXTITEM
100d,LVM_FINDITEMA
100e,LVM_GETITEMRECT
100f,LVM_SETITEMPOSITION
1010,LVM_GETITEMPOSITION
1011,LVM_GETSTRINGWIDTHA
1012,LVM_HITTEST
1013,LVM_ENSUREVISIBLE
1014,LVM_SCROLL
1015,LVM_REDRAWITEMS
1016,LVM_ARRANGE
1017,LVM_EDITLABELA
1018,LVM_GETEDITCONTROL
1019,LVM_GETCOLUMNA
101a,LVM_SETCOLUMNA
101b,LVM_INSERTCOLUMNA
101c,LVM_DELETECOLUMN
101d,LVM_GETCOLUMNWIDTH
101e,LVM_SETCOLUMNWIDTH
101f,LVM_GETHEADER
1021,LVM_CREATEDRAGIMAGE
1022,LVM_GETVIEWRECT
1023,LVM_GETTEXTCOLOR
1024,LVM_SETTEXTCOLOR
1025,LVM_GETTEXTBKCOLOR
1026,LVM_SETTEXTBKCOLOR
1027,LVM_GETTOPINDEX
1028,LVM_GETCOUNTPERPAGE
1029,LVM_GETORIGIN
102a,LVM_UPDATE
102b,LVM_SETITEMSTATE
102c,LVM_GETITEMSTATE
102d,LVM_GETITEMTEXTA
102e,LVM_SETITEMTEXTA
102f,LVM_SETITEMCOUNT
1030,LVM_SORTITEMS
1031,LVM_SETITEMPOSITION32
1032,LVM_GETSELECTEDCOUNT
1033,LVM_GETITEMSPACING
1034,LVM_GETISEARCHSTRINGA
1035,LVM_SETICONSPACING
1036,LVM_SETEXTENDEDLISTVIEWSTYLE
1037,LVM_GETEXTENDEDLISTVIEWSTYLE
1038,LVM_GETSUBITEMRECT
1039,LVM_SUBITEMHITTEST
103a,LVM_SETCOLUMNORDERARRAY
103b,LVM_GETCOLUMNORDERARRAY
103c,LVM_SETHOTITEM
103d,LVM_GETHOTITEM
103e,LVM_SETHOTCURSOR
103f,LVM_GETHOTCURSOR
1040,LVM_APPROXIMATEVIEWRECT
1041,LVM_SETWORKAREAS
1042,LVM_GETSELECTIONMARK
1043,LVM_SETSELECTIONMARK
1044,LVM_SETBKIMAGEA
1045,LVM_GETBKIMAGEA
1046,LVM_GETWORKAREAS
1047,LVM_SETHOVERTIME
1048,LVM_GETHOVERTIME
1049,LVM_GETNUMBEROFWORKAREAS
104a,LVM_SETTOOLTIPS
104b,LVM_GETITEMW
104c,LVM_SETITEMW
104d,LVM_INSERTITEMW
104e,LVM_GETTOOLTIPS
1053,LVM_FINDITEMW
1057,LVM_GETSTRINGWIDTHW
105f,LVM_GETCOLUMNW
1060,LVM_SETCOLUMNW
1061,LVM_INSERTCOLUMNW
1073,LVM_GETITEMTEXTW
1074,LVM_SETITEMTEXTW
1075,LVM_GETISEARCHSTRINGW
1076,LVM_EDITLABELW
108b,LVM_GETBKIMAGEW
108c,LVM_SETSELECTEDCOLUMN
108d,LVM_SETTILEWIDTH
108e,LVM_SETVIEW
108f,LVM_GETVIEW
1091,LVM_INSERTGROUP
1093,LVM_SETGROUPINFO
1095,LVM_GETGROUPINFO
1096,LVM_REMOVEGROUP
1097,LVM_MOVEGROUP
109a,LVM_MOVEITEMTOGROUP
109b,LVM_SETGROUPMETRICS
109c,LVM_GETGROUPMETRICS
109d,LVM_ENABLEGROUPVIEW
109e,LVM_SORTGROUPS
109f,LVM_INSERTGROUPSORTED
10a0,LVM_REMOVEALLGROUPS
10a1,LVM_HASGROUP
10a2,LVM_SETTILEVIEWINFO
10a3,LVM_GETTILEVIEWINFO
10a4,LVM_SETTILEINFO
10a5,LVM_GETTILEINFO
10a6,LVM_SETINSERTMARK
10a7,LVM_GETINSERTMARK
10a8,LVM_INSERTMARKHITTEST
10a9,LVM_GETINSERTMARKRECT
10aa,LVM_SETINSERTMARKCOLOR
10ab,LVM_GETINSERTMARKCOLOR
10ad,LVM_SETINFOTIP
10ae,LVM_GETSELECTEDCOLUMN
10af,LVM_ISGROUPVIEWENABLED
10b0,LVM_GETOUTLINECOLOR
10b1,LVM_SETOUTLINECOLOR
10b3,LVM_CANCELEDITLABEL
10b4,LVM_MAPINDEXTOID
10b5,LVM_MAPIDTOINDEX
10b6,LVM_ISITEMVISIBLE
2000,OCM__BASE
2005,LVM_SETUNICODEFORMAT
2006,LVM_GETUNICODEFORMAT
2019,OCM_CTLCOLOR
202b,OCM_DRAWITEM
202c,OCM_MEASUREITEM
202d,OCM_DELETEITEM
202e,OCM_VKEYTOITEM
202f,OCM_CHARTOITEM
2039,OCM_COMPAREITEM
204e,OCM_NOTIFY
2111,OCM_COMMAND
2114,OCM_HSCROLL
2115,OCM_VSCROLL
2132,OCM_CTLCOLORMSGBOX
2133,OCM_CTLCOLOREDIT
2134,OCM_CTLCOLORLISTBOX
2135,OCM_CTLCOLORBTN
2136,OCM_CTLCOLORDLG
2137,OCM_CTLCOLORSCROLLBAR
2138,OCM_CTLCOLORSTATIC
2210,OCM_PARENTNOTIFY
8000,WM_APP
cccd,WM_RASDIALEVENT